{
  "name": "Adductor/Groin",
  "force": "static",
  "level": "intermediate",
  "mechanic": null,
  "equipment": null,
  "primaryMuscles": [
    "adductors"
  ],
  "secondaryMuscles": [

  ],
  "instructions": [
    "Lie on your back with your feet raised towards the ceiling.",
    "Have your partner hold your feet or ankles. Abduct your legs as far as you can. This will be your starting position.",
    "Attempt to squeeze your legs together for 10 or more seconds, while your partner prevents you from doing so.",
    "Now, relax the muscles in your legs as your partner pushes your feet apart, stretching as far as is comfortable for you. Be sure to let your partner know when the stretch is adequate to prevent overstretching or injury."
  ],
  "category": "stretching",
  "images": [
    "Adductor_Groin/0.jpg",
    "Adductor_Groin/1.jpg"
  ],
  "id": "Adductor_Groin"
}