{
  "name": "Alternating Kettlebell Row",
  "force": "pull",
  "level": "intermediate",
  "mechanic": "isolation",
  "equipment": "kettlebells",
  "primaryMuscles": [
    "middle back"
  ],
  "secondaryMuscles": [
    "biceps",
    "lats"
  ],
  "instructions": [
    "Place two kettlebells in front of your feet. Bend your knees slightly and push your butt out as much as possible. As you bend over to get into the starting position grab both kettlebells by the handles.",
    "Pull one kettlebell off of the floor while holding on to the other kettlebell. Retract the shoulder blade of the working side, as you flex the elbow, drawing the kettlebell towards your stomach or rib cage.",
    "Lower the kettlebell in the working arm and repeat with your other arm."
  ],
  "category": "strength",
  "images": [
    "Alternating_Kettlebell_Row/0.jpg",
    "Alternating_Kettlebell_Row/1.jpg"
  ],
  "id": "Alternating_Kettlebell_Row"
}