{
  "name": "Alternating Deltoid Raise",
  "force": "push",
  "level": "beginner",
  "mechanic": "isolation",
  "equipment": "dumbbell",
  "primaryMuscles": [
    "shoulders"
  ],
  "secondaryMuscles": [

  ],
  "instructions": [
    "In a standing position, hold a pair of dumbbells at your side.",
    "Keeping your elbows slightly bent, raise the weights directly in front of you to shoulder height, avoiding any swinging or cheating.",
    "Return the weights to your side.",
    "On the next repetition, raise the weights laterally, raising them out to your side to about shoulder height.",
    "Return the weights to the starting position and continue alternating to the front and side."
  ],
  "category": "strength",
  "images": [
    "Alternating_Deltoid_Raise/0.jpg",
    "Alternating_Deltoid_Raise/1.jpg"
  ],
  "id": "Alternating_Deltoid_Raise"
}