{
  "name": "Backward Drag",
  "force": "pull",
  "level": "beginner",
  "mechanic": "compound",
  "equipment": "other",
  "primaryMuscles": [
    "quadriceps"
  ],
  "secondaryMuscles": [
    "calves",
    "forearms",
    "glutes",
    "hamstrings",
    "lower back"
  ],
  "instructions": [
    "Load a sled with the desired weight, attaching a rope or straps to the sled that you can hold onto.",
    "Begin the exercise by moving backwards for a given distance. Leaning back, extend through the legs for short steps to move as quickly as possible."
  ],
  "category": "strongman",
  "images": [
    "Backward_Drag/0.jpg",
    "Backward_Drag/1.jpg"
  ],
  "id": "Backward_Drag"
}