{
  "name": "Ball Leg Curl",
  "force": "pull",
  "level": "beginner",
  "mechanic": "isolation",
  "equipment": "exercise ball",
  "primaryMuscles": [
    "hamstrings"
  ],
  "secondaryMuscles": [
    "calves",
    "glutes"
  ],
  "instructions": [
    "Begin on the floor laying on your back with your feet on top of the ball.",
    "Position the ball so that when your legs are extended your ankles are on top of the ball. This will be your starting position.",
    "Raise your hips off of the ground, keeping your weight on the shoulder blades and your feet.",
    "Flex the knees, pulling the ball as close to you as you can, contracting the hamstrings.",
    "After a brief pause, return to the starting position."
  ],
  "category": "strength",
  "images": [
    "Ball_Leg_Curl/0.jpg",
    "Ball_Leg_Curl/1.jpg"
  ],
  "id": "Ball_Leg_Curl"
}