{
  "name": "Band Good Morning (Pull Through)",
  "force": "pull",
  "level": "beginner",
  "mechanic": "compound",
  "equipment": "bands",
  "primaryMuscles": [
    "hamstrings"
  ],
  "secondaryMuscles": [
    "glutes",
    "lower back"
  ],
  "instructions": [
    "Loop the band around a post. Standing a little ways away, loop the opposite end around the neck. Your hands can help hold the band in position.",
    "Begin by bending at the hips, getting your butt back as far as possible. Keep your back flat and bend forward to about 90 degrees. Your knees should be only slightly bent.",
    "Return to the starting position be driving through with the hips to come back to a standing position."
  ],
  "category": "powerlifting",
  "images": [
    "Band_Good_Morning_Pull_Through/0.jpg",
    "Band_Good_Morning_Pull_Through/1.jpg"
  ],
  "id": "Band_Good_Morning_Pull_Through"
}