{
  "name": "Barbell Guillotine Bench Press",
  "force": "push",
  "level": "intermediate",
  "mechanic": "compound",
  "equipment": "barbell",
  "primaryMuscles": [
    "chest"
  ],
  "secondaryMuscles": [
    "shoulders",
    "triceps"
  ],
  "instructions": [
    "Using a medium width grip (a grip that creates a 90-degree angle in the middle of the movement between the forearms and the upper arms), lift the bar from the rack and hold it straight over your neck with your arms locked. This will be your starting position.",
    "As you breathe in, bring the bar down slowly until it is about 1 inch from your neck.",
    "After a second pause, bring the bar back to the starting position as you breathe out and push the bar using your chest muscles. Lock your arms and squeeze your chest in the contracted position, hold for a second and then start coming down slowly again. It should take at least twice as long to go down than to come up.",
    "Repeat the movement for the prescribed amount of repetitions.",
    "When you are done, place the bar back in the rack."
  ],
  "category": "strength",
  "images": [
    "Barbell_Guillotine_Bench_Press/0.jpg",
    "Barbell_Guillotine_Bench_Press/1.jpg"
  ],
  "id": "Barbell_Guillotine_Bench_Press"
}