{
  "name": "Cable Rope Rear-Delt Rows",
  "force": "pull",
  "level": "beginner",
  "mechanic": "compound",
  "equipment": "cable",
  "primaryMuscles": [
    "shoulders"
  ],
  "secondaryMuscles": [
    "biceps",
    "middle back"
  ],
  "instructions": [
    "Sit in the same position on a low pulley row station as you would if you were doing seated cable rows for the back.",
    "Attach a rope to the pulley and grasp it with an overhand grip. Your arms should be extended and parallel to the floor with the elbows flared out.",
    "Keep your lower back upright and slide your hips back so that your knees are slightly bent. This will be your starting position.",
    "Pull the cable attachment towards your upper chest, just below the neck, as you keep your elbows up and out to the sides. Continue this motion as you exhale until the elbows travel slightly behind the back. Tip: Keep your upper arms horizontal, perpendicular to the torso and parallel to the floor throughout the motion.",
    "Go back to the initial position where the arms are extended and the shoulders are stretched forward. Inhale as you perform this portion of the movement.",
    "Repeat for the recommended amount of repetitions."
  ],
  "category": "strength",
  "images": [
    "Cable_Rope_Rear-Delt_Rows/0.jpg",
    "Cable_Rope_Rear-Delt_Rows/1.jpg"
  ],
  "id": "Cable_Rope_Rear-Delt_Rows"
}