{
  "name": "Cable Deadlifts",
  "force": "pull",
  "level": "beginner",
  "mechanic": "compound",
  "equipment": "cable",
  "primaryMuscles": [
    "quadriceps"
  ],
  "secondaryMuscles": [
    "forearms",
    "glutes",
    "hamstrings",
    "lower back"
  ],
  "instructions": [
    "Move the cables to the bottom of the towers and select an appropriate weight. Stand directly in between the uprights.",
    "To begin, squat down be flexing your hips and knees until you can reach the handles.",
    "After grasping them, begin your ascent. Driving through your heels extend your hips and knees keeping your hands hanging at your side. Keep your head and chest up throughout the movement.",
    "After reaching a full standing position, Return to the starting position and repeat."
  ],
  "category": "strength",
  "images": [
    "Cable_Deadlifts/0.jpg",
    "Cable_Deadlifts/1.jpg"
  ],
  "id": "Cable_Deadlifts"
}