{
  "name": "Cable Hip Adduction",
  "force": "pull",
  "level": "beginner",
  "mechanic": "isolation",
  "equipment": "cable",
  "primaryMuscles": [
    "quadriceps"
  ],
  "secondaryMuscles": [

  ],
  "instructions": [
    "Stand in front of a low pulley facing forward with one leg next to the pulley and the other one away.",
    "Attach the ankle cuff to the cable and also to the ankle of the leg that is next to the pulley.",
    "Now step out and away from the stack with a wide stance and grasp the bar of the pulley system.",
    "Stand on the foot that does not have the ankle cuff (the far foot) and allow the leg with the cuff to be pulled towards the low pulley. This will be your starting position.",
    "Now perform the movement by moving the leg with the ankle cuff in front of the far leg by using the inner thighs to abduct the hip. Breathe out during this portion of the movement.",
    "Slowly return to the starting position as you breathe in.",
    "Repeat for the recommended amount of repetitions and then repeat the same movement with the opposite leg."
  ],
  "category": "strength",
  "images": [
    "Cable_Hip_Adduction/0.jpg",
    "Cable_Hip_Adduction/1.jpg"
  ],
  "id": "Cable_Hip_Adduction"
}