{
  "name": "Cable Rear Delt Fly",
  "force": "pull",
  "level": "beginner",
  "mechanic": "isolation",
  "equipment": "cable",
  "primaryMuscles": [
    "shoulders"
  ],
  "secondaryMuscles": [

  ],
  "instructions": [
    "Adjust the pulleys to the appropriate height and adjust the weight. The pulleys should be above your head.",
    "Grab the left pulley with your right hand and the right pulley with your left hand, crossing them in front of you. This will be your starting position.",
    "Initiate the movement by moving your arms back and outward, keeping your arms straight as you execute the movement.",
    "Pause at the end of the motion before returning the handles to the start position."
  ],
  "category": "strength",
  "images": [
    "Cable_Rear_Delt_Fly/0.jpg",
    "Cable_Rear_Delt_Fly/1.jpg"
  ],
  "id": "Cable_Rear_Delt_Fly"
}