{
  "name": "Car Deadlift",
  "force": "pull",
  "level": "intermediate",
  "mechanic": "compound",
  "equipment": "other",
  "primaryMuscles": [
    "quadriceps"
  ],
  "secondaryMuscles": [
    "forearms",
    "glutes",
    "hamstrings",
    "lower back",
    "traps"
  ],
  "instructions": [
    "This event apparatus typically has neutral grip handles, however some have a straight bar that you can approach like a normal deadlift. The apparatus can be loaded with a vehicle or other heavy objects such as tractor tires or kegs.",
    "Center yourself between the handles if you are a strong squatter, or back a couple inches if you are a strong deadlifter. You feet should be about hip width apart. Bend at the hip to grip the handles. With your feet and your grip set, take a big breath and then lower your hips and flex the knees.",
    "Look forward with your head, keep your chest up and your back arched, and begin driving through the heels to move the weight upward. As the weight comes up, pull your shoulder blades together as you drive your hips forward.",
    "Lower the weight by bending at the hips and guiding it to the floor."
  ],
  "category": "strongman",
  "images": [
    "Car_Deadlift/0.jpg",
    "Car_Deadlift/1.jpg"
  ],
  "id": "Car_Deadlift"
}