{
  "name": "Chair Lower Back Stretch",
  "force": "static",
  "level": "beginner",
  "mechanic": "isolation",
  "equipment": null,
  "primaryMuscles": [
    "lats"
  ],
  "secondaryMuscles": [
    "lower back"
  ],
  "instructions": [
    "Sit upright on a chair.",
    "Bend to one side with your arm over your head. You can hold onto the chair with your free hand.",
    "Hold for 10 seconds, and repeat for your other side."
  ],
  "category": "stretching",
  "images": [
    "Chair_Lower_Back_Stretch/0.jpg",
    "Chair_Lower_Back_Stretch/1.jpg"
  ],
  "id": "Chair_Lower_Back_Stretch"
}