{
  "name": "Chest Push from 3 point stance",
  "force": "push",
  "level": "beginner",
  "mechanic": "compound",
  "equipment": "medicine ball",
  "primaryMuscles": [
    "chest"
  ],
  "secondaryMuscles": [
    "abdominals",
    "shoulders",
    "triceps"
  ],
  "instructions": [
    "Begin in a three point stance, squatted down with your back flat and one hand on the ground. Place the medicine ball directly in front of you.",
    "To begin, take your first step as you pull the ball to your chest, positioning both hands to prepare for the throw.",
    "As you execute the second step, explosively release the ball forward as hard as possible."
  ],
  "category": "plyometrics",
  "images": [
    "Chest_Push_from_3_point_stance/0.jpg",
    "Chest_Push_from_3_point_stance/1.jpg"
  ],
  "id": "Chest_Push_from_3_point_stance"
}