{
  "name": "Chin To Chest Stretch",
  "force": "static",
  "level": "beginner",
  "mechanic": null,
  "equipment": null,
  "primaryMuscles": [
    "neck"
  ],
  "secondaryMuscles": [
    "traps"
  ],
  "instructions": [
    "Get into a seated position on the floor.",
    "Place both hands at the rear of your head, fingers interlocked, thumbs pointing down and elbows pointing straight ahead. Slowly pull your head down to your chest. Hold for 20-30 seconds."
  ],
  "category": "stretching",
  "images": [
    "Chin_To_Chest_Stretch/0.jpg",
    "Chin_To_Chest_Stretch/1.jpg"
  ],
  "id": "Chin_To_Chest_Stretch"
}