{
  "name": "Close-Grip Barbell Bench Press",
  "force": "push",
  "level": "beginner",
  "mechanic": "compound",
  "equipment": "barbell",
  "primaryMuscles": [
    "triceps"
  ],
  "secondaryMuscles": [
    "chest",
    "shoulders"
  ],
  "instructions": [
    "Lie back on a flat bench. Using a close grip (around shoulder width), lift the bar from the rack and hold it straight over you with your arms locked. This will be your starting position.",
    "As you breathe in, come down slowly until you feel the bar on your middle chest. Tip: Make sure that - as opposed to a regular bench press - you keep the elbows close to the torso at all times in order to maximize triceps involvement.",
    "After a second pause, bring the bar back to the starting position as you breathe out and push the bar using your triceps muscles. Lock your arms in the contracted position, hold for a second and then start coming down slowly again. Tip: It should take at least twice as long to go down than to come up.",
    "Repeat the movement for the prescribed amount of repetitions.",
    "When you are done, place the bar back in the rack."
  ],
  "category": "strength",
  "images": [
    "Close-Grip_Barbell_Bench_Press/0.jpg",
    "Close-Grip_Barbell_Bench_Press/1.jpg"
  ],
  "id": "Close-Grip_Barbell_Bench_Press"
}