{
  "name": "Crossover Reverse Lunge",
  "force": "pull",
  "level": "intermediate",
  "mechanic": null,
  "equipment": null,
  "primaryMuscles": [
    "lower back"
  ],
  "secondaryMuscles": [
    "abdominals",
    "abductors",
    "glutes",
    "hamstrings",
    "quadriceps"
  ],
  "instructions": [
    "Stand with your feet shoulder width apart. This will be your starting position.",
    "Perform a rear lunge by stepping back with one foot and flexing the hips and front knee. As you do so, rotate your torso across the front leg.",
    "After a brief pause, return to the starting position and repeat on the other side, continuing in an alternating fashion."
  ],
  "category": "stretching",
  "images": [
    "Crossover_Reverse_Lunge/0.jpg",
    "Crossover_Reverse_Lunge/1.jpg"
  ],
  "id": "Crossover_Reverse_Lunge"
}