{
  "name": "Cross-Body Crunch",
  "force": "pull",
  "level": "beginner",
  "mechanic": "compound",
  "equipment": "body only",
  "primaryMuscles": [
    "abdominals"
  ],
  "secondaryMuscles": [

  ],
  "instructions": [
    "Lie flat on your back and bend your knees about 60 degrees.",
    "Keep your feet flat on the floor and place your hands loosely behind your head. This will be your starting position.",
    "Now curl up and bring your right elbow and shoulder across your body while bring your left knee in toward your left shoulder at the same time. Reach with your elbow and try to touch your knee. Exhale as you perform this movement. Tip: Try to bring your shoulder up towards your knee rather than just your elbow and remember that the key is to contract the abs as you perform the movement; not just to move the elbow.",
    "Now go back down to the starting position as you inhale and repeat with the left elbow and the right knee.",
    "Continue alternating in this manner until all prescribed repetitions are done."
  ],
  "category": "strength",
  "images": [
    "Cross-Body_Crunch/0.jpg",
    "Cross-Body_Crunch/1.jpg"
  ],
  "id": "Cross-Body_Crunch"
}