{
  "name": "Deadlift with Chains",
  "force": "pull",
  "level": "expert",
  "mechanic": "compound",
  "equipment": "barbell",
  "primaryMuscles": [
    "lower back"
  ],
  "secondaryMuscles": [
    "forearms",
    "glutes",
    "hamstrings",
    "middle back",
    "quadriceps",
    "traps"
  ],
  "instructions": [
    "You can attach the chains to the sleeves of the bar, or just drape the middle over the bar so there is a greater weight increase as you lift.",
    "Approach the bar so that it is centered over your feet. You feet should be about hip width apart. Bend at the hip to grip the bar at shoulder width, allowing your shoulder blades to protract. Typically, you would use an overhand grip or an over/under grip on heavier sets. With your feet, and your grip set, take a big breath and then lower your hips and bend the knees until your shins contact the bar.",
    "Look forward with your head, keep your chest up and your back arched, and begin driving through the heels to move the weight upward. After the bar passes the knees, aggressively pull the bar back, pulling your shoulder blades together as you drive your hips forward into the bar.",
    "Lower the bar by bending at the hips and guiding it to the floor."
  ],
  "category": "powerlifting",
  "images": [
    "Deadlift_with_Chains/0.jpg",
    "Deadlift_with_Chains/1.jpg"
  ],
  "id": "Deadlift_with_Chains"
}