{
  "name": "Drop Push",
  "force": "push",
  "level": "intermediate",
  "mechanic": "compound",
  "equipment": "other",
  "primaryMuscles": [
    "chest"
  ],
  "secondaryMuscles": [
    "shoulders",
    "triceps"
  ],
  "instructions": [
    "Position low boxes or other platforms 2-3 feet apart.",
    "Move to a pushup position between them, supporting yourself by placing your hands on the boxes.",
    "With good posture, drop from the platforms by pressing up and moving your hands to shoulder width, cushioning your landing by absorbing the impact through the arm."
  ],
  "category": "plyometrics",
  "images": [
    "Drop_Push/0.jpg",
    "Drop_Push/1.jpg"
  ],
  "id": "Drop_Push"
}