{
  "name": "Dumbbell Prone Incline Curl",
  "force": "pull",
  "level": "intermediate",
  "mechanic": "isolation",
  "equipment": "dumbbell",
  "primaryMuscles": [
    "biceps"
  ],
  "secondaryMuscles": [

  ],
  "instructions": [
    "Grab a dumbbell on each hand and lie face down on an incline bench with your shoulders near top of the incline. Your knees can rest on the seat or your legs can be straddled to the sides (my preferred way).",
    "Let your arms extend and hang naturally in front of you so that they are perpendicular to the floor.",
    "Now keep your elbows in by your side and face the palms forward. This will be your starting position.",
    "Raise the dumbbells by contracting the biceps until your arms are fully flexed. Exhale as you perform this portion of the movement and ensure that only the forearms move. The upper arms should remain stationary at all times.",
    "Lower the dumbbells until your arms are fully extended.",
    "Repeat for the recommended amount of times."
  ],
  "category": "strength",
  "images": [
    "Dumbbell_Prone_Incline_Curl/0.jpg",
    "Dumbbell_Prone_Incline_Curl/1.jpg"
  ],
  "id": "Dumbbell_Prone_Incline_Curl"
}