{
  "name": "Elbow Circles",
  "force": "pull",
  "level": "beginner",
  "mechanic": "isolation",
  "equipment": null,
  "primaryMuscles": [
    "shoulders"
  ],
  "secondaryMuscles": [
    "traps"
  ],
  "instructions": [
    "Sit or stand with your feet slightly apart.",
    "Place your hands on your shoulders with your elbows at shoulder level and pointing out.",
    "Slowly make a circle with your elbows. Breathe out as you start the circle and breathe in as you complete the circle."
  ],
  "category": "stretching",
  "images": [
    "Elbow_Circles/0.jpg",
    "Elbow_Circles/1.jpg"
  ],
  "id": "Elbow_Circles"
}