{
  "name": "External Rotation with Cable",
  "force": "pull",
  "level": "beginner",
  "mechanic": "isolation",
  "equipment": "cable",
  "primaryMuscles": [
    "shoulders"
  ],
  "secondaryMuscles": [

  ],
  "instructions": [
    "Adjust the cable to the same height as your elbow. Stand with your left side to the band a couple of feet away.",
    "Grasp the handle with your right hand, and keep your elbow pressed firmly to your side. We recommend you hold a pad or foam roll in place with your elbow to keep it firmly in position.",
    "With your upper arm in position, your elbow should be flexed to 90 degrees with your hand reaching across the front of your torso. This will be your starting position.",
    "Execute the movement by rotating your arm in a backhand motion, keeping your elbow in place."
  ],
  "category": "strength",
  "images": [
    "External_Rotation_with_Cable/0.jpg",
    "External_Rotation_with_Cable/1.jpg"
  ],
  "id": "External_Rotation_with_Cable"
}