{
  "name": "Face Pull",
  "force": "pull",
  "level": "intermediate",
  "mechanic": "compound",
  "equipment": "cable",
  "primaryMuscles": [
    "shoulders"
  ],
  "secondaryMuscles": [
    "middle back"
  ],
  "instructions": [
    "Facing a high pulley with a rope or dual handles attached, pull the weight directly towards your face, separating your hands as you do so. Keep your upper arms parallel to the ground."
  ],
  "category": "strength",
  "images": [
    "Face_Pull/0.jpg",
    "Face_Pull/1.jpg"
  ],
  "id": "Face_Pull"
}