{
  "name": "Frog Hops",
  "force": "push",
  "level": "intermediate",
  "mechanic": "compound",
  "equipment": null,
  "primaryMuscles": [
    "quadriceps"
  ],
  "secondaryMuscles": [
    "calves",
    "glutes",
    "hamstrings"
  ],
  "instructions": [
    "Stand with your hands behind your head, and squat down keeping your torso upright and your head up. This will be your starting position.",
    "Jump forward several feet, avoiding jumping unnecessarily high. As your feet contact the ground, absorb the impact through your legs, and jump again. Repeat this action 5-10 times."
  ],
  "category": "stretching",
  "images": [
    "Frog_Hops/0.jpg",
    "Frog_Hops/1.jpg"
  ],
  "id": "Frog_Hops"
}