{
  "name": "Front Squat (Clean Grip)",
  "force": "push",
  "level": "intermediate",
  "mechanic": "compound",
  "equipment": "barbell",
  "primaryMuscles": [
    "quadriceps"
  ],
  "secondaryMuscles": [
    "abdominals",
    "glutes",
    "hamstrings"
  ],
  "instructions": [
    "To begin, first set the bar in a rack slightly below shoulder level. Rest the bar on top of the deltoids, pushing into the clavicles, and lightly touching the throat. Your hands should be in a clean grip, touching the bar only with your fingers to help keep it in position.",
    "Lift the bar off the rack by first pushing with your legs and at the same time straightening your torso. Step away from the rack and position your legs using a shoulder width medium stance with the toes slightly pointed out. Keep your head and elbows up at all times. This will be your starting position.",
    "Bend at the knees, sitting down between your legs. Continue down until your hamstrings are on your calves. Keep your knees aligned with your feet by consciously using your abductors to push your knees out as you squat.",
    "Begin to raise the bar as you exhale by pushing the floor mainly with the heel or middle of your foot as you straighten the legs again and return to the starting position."
  ],
  "category": "strength",
  "images": [
    "Front_Squat_Clean_Grip/0.jpg",
    "Front_Squat_Clean_Grip/1.jpg"
  ],
  "id": "Front_Squat_Clean_Grip"
}