{
  "name": "Hang Snatch",
  "force": "pull",
  "level": "expert",
  "mechanic": "compound",
  "equipment": "barbell",
  "primaryMuscles": [
    "hamstrings"
  ],
  "secondaryMuscles": [
    "abdominals",
    "calves",
    "forearms",
    "glutes",
    "lower back",
    "quadriceps",
    "shoulders",
    "traps"
  ],
  "instructions": [
    "Begin with a wide grip on the bar, with an overhand or hook grip. The feet should be directly below the hips with the feet turned out. Your knees should be slightly bent, and the torso inclined forward. The spine should be fully extended and the head facing forward. The bar should be at the hips. This will be your starting position.",
    "Aggressively extend through the legs and hips. At peak extension, shrug the shoulders and allow the elbows to flex to the side.",
    "As you move your feet into the receiving position, forcefully pull yourself below the bar as you elevate the bar overhead. Receive the bar with your body as low as possible and the arms fully extended overhead.",
    "Return to a standing position with the weight overhead. Follow by returning the weight to the ground under control."
  ],
  "category": "olympic weightlifting",
  "images": [
    "Hang_Snatch/0.jpg",
    "Hang_Snatch/1.jpg"
  ],
  "id": "Hang_Snatch"
}