{
  "name": "Incline Push-Up Wide",
  "force": "push",
  "level": "beginner",
  "mechanic": "compound",
  "equipment": "body only",
  "primaryMuscles": [
    "chest"
  ],
  "secondaryMuscles": [
    "abdominals",
    "shoulders",
    "triceps"
  ],
  "instructions": [
    "Stand facing a Smith machine bar or sturdy elevated platform at an appropriate height.",
    "Place your hands on the bar, with your hands wider than shoulder width.",
    "Position your feet back from the bar with arms and body straight. Your arms should be perpendicular to the body. This will be your starting position.",
    "Keeping your body straight, lower your chest to the bar by bending the arms.",
    "Return to the starting position by extending the elbows, pressing yourself back up."
  ],
  "category": "strength",
  "images": [
    "Incline_Push-Up_Wide/0.jpg",
    "Incline_Push-Up_Wide/1.jpg"
  ],
  "id": "Incline_Push-Up_Wide"
}