{
  "name": "Intermediate Hip Flexor and Quad Stretch",
  "force": "static",
  "level": "intermediate",
  "mechanic": "compound",
  "equipment": "other",
  "primaryMuscles": [
    "quadriceps"
  ],
  "secondaryMuscles": [

  ],
  "instructions": [
    "Lie face down on the floor, with a rope, belt, or band looped around one foot.",
    "Flex the knee and extend the hip of the leg to be stretched, using both hands to pull on the belt. Your knee and your hip should come off of the floor, creating tension in the hip flexors and quadriceps. Hold the stretch for 10-20 seconds, and repeat on the other leg."
  ],
  "category": "stretching",
  "images": [
    "Intermediate_Hip_Flexor_and_Quad_Stretch/0.jpg",
    "Intermediate_Hip_Flexor_and_Quad_Stretch/1.jpg"
  ],
  "id": "Intermediate_Hip_Flexor_and_Quad_Stretch"
}