{
  "name": "IT Band and Glute Stretch",
  "force": "static",
  "level": "intermediate",
  "mechanic": null,
  "equipment": "other",
  "primaryMuscles": [
    "abductors"
  ],
  "secondaryMuscles": [

  ],
  "instructions": [
    "Loop a belt, rope, or band around one of your feet, and swing that leg across your body to the opposite side, keeping the leg extended as you lay on the ground. This will be your starting position.",
    "Keeping your foot off of the floor, pull on the belt, using the tension to pull the toes up. Hold for 10-20 seconds, and repeat on the other side."
  ],
  "category": "stretching",
  "images": [
    "IT_Band_and_Glute_Stretch/0.jpg",
    "IT_Band_and_Glute_Stretch/1.jpg"
  ],
  "id": "IT_Band_and_Glute_Stretch"
}