{
  "name": "Janda Sit-Up",
  "force": "pull",
  "level": "beginner",
  "mechanic": "isolation",
  "equipment": "body only",
  "primaryMuscles": [
    "abdominals"
  ],
  "secondaryMuscles": [

  ],
  "instructions": [
    "Position your body on the floor in the basic sit-up position; knees to a ninety degree angle with feet flat on the floor and arms either crossed over your chest or to the sides. This will be your starting position.",
    "As you strongly tighten your glutes and hamstrings, fill your lungs with air and in a slow (three to six second count) ascent, slowly exhale. Tip: It is important to tighten the glutes and hamstrings as this will cause the hip flexors to be inactivated in a process called reciprocal inhibition, which basically means that opposite muscles to the contracted ones will relax.",
    "As you inhale, slowly go back in a controlled manner to the starting position.",
    "Repeat for the recommended amount of repetitions."
  ],
  "category": "strength",
  "images": [
    "Janda_Sit-Up/0.jpg",
    "Janda_Sit-Up/1.jpg"
  ],
  "id": "Janda_Sit-Up"
}