{
  "name": "Jerk Balance",
  "force": "push",
  "level": "intermediate",
  "mechanic": "compound",
  "equipment": "barbell",
  "primaryMuscles": [
    "shoulders"
  ],
  "secondaryMuscles": [
    "glutes",
    "hamstrings",
    "quadriceps",
    "triceps"
  ],
  "instructions": [
    "This drill helps you learn to drive yourself low enough during the jerk and corrects those who move backward during the movement. Begin with the bar racked in the jerk position, with the shoulders forward, torso upright, and the feet split slightly apart.",
    "Initiate the movement as you would a normal jerk, dipping at the knees while keeping your torso vertical, and driving back up forcefully, using momentum and not your arms to elevate the weight.",
    "Keep the rear foot in place, using it to drive your body forward into a full split as you jerk the weight. Recover by standing up with the weight overhead."
  ],
  "category": "olympic weightlifting",
  "images": [
    "Jerk_Balance/0.jpg",
    "Jerk_Balance/1.jpg"
  ],
  "id": "Jerk_Balance"
}