{
  "name": "JM Press",
  "force": "push",
  "level": "beginner",
  "mechanic": "compound",
  "equipment": "barbell",
  "primaryMuscles": [
    "triceps"
  ],
  "secondaryMuscles": [
    "chest",
    "shoulders"
  ],
  "instructions": [
    "Start the exercise the same way you would a close grip bench press. You will lie on a flat bench while holding a barbell at arms length (fully extended) with the elbows in. However, instead of having the arms perpendicular to the torso, make sure the bar is set in a direct line above the upper chest. This will be your starting position.",
    "Now beginning from a fully extended position lower the bar down as if performing a lying triceps extension. Inhale as you perform this movement. When you reach the half way point, let the bar roll back about one inch by moving the upper arms towards your legs until they are perpendicular to the torso. Tip: Keep the bend at the elbows constant as you bring the upper arms forward.",
    "As you exhale, press the bar back up by using the triceps to perform a close grip bench press.",
    "Now go back to the starting position and start over.",
    "Repeat for the recommended amount of repetitions."
  ],
  "category": "strength",
  "images": [
    "JM_Press/0.jpg",
    "JM_Press/1.jpg"
  ],
  "id": "JM_Press"
}