{
  "name": "Kettlebell Pistol Squat",
  "force": "push",
  "level": "expert",
  "mechanic": "compound",
  "equipment": "kettlebells",
  "primaryMuscles": [
    "quadriceps"
  ],
  "secondaryMuscles": [
    "calves",
    "glutes",
    "hamstrings",
    "shoulders"
  ],
  "instructions": [
    "Pick up a kettlebell with two hands and hold it by the horns. Hold one leg off of the floor and squat down on the other.",
    "Squat down by flexing the knee and sitting back with the hips, holding the kettlebell up in front of you.",
    "Hold the bottom position for a second and then reverse the motion, driving through the heel and keeping your head and chest up.",
    "Lower yourself again and repeat."
  ],
  "category": "strength",
  "images": [
    "Kettlebell_Pistol_Squat/0.jpg",
    "Kettlebell_Pistol_Squat/1.jpg"
  ],
  "id": "Kettlebell_Pistol_Squat"
}