{
  "name": "Kettlebell Pass Between The Legs",
  "force": "pull",
  "level": "intermediate",
  "mechanic": "compound",
  "equipment": "kettlebells",
  "primaryMuscles": [
    "abdominals"
  ],
  "secondaryMuscles": [
    "glutes",
    "hamstrings",
    "shoulders"
  ],
  "instructions": [
    "Place one kettlebell between your legs and take a comfortable stance. Bend over by pushing your butt out and keeping your back flat.",
    "Pick up a kettlebell and pass it to your other hand between your legs, in the fashion of a \"W\". Go back and forth for several repetitions."
  ],
  "category": "strength",
  "images": [
    "Kettlebell_Pass_Between_The_Legs/0.jpg",
    "Kettlebell_Pass_Between_The_Legs/1.jpg"
  ],
  "id": "Kettlebell_Pass_Between_The_Legs"
}