{
  "name": "Kettlebell Thruster",
  "force": "push",
  "level": "intermediate",
  "mechanic": "compound",
  "equipment": "kettlebells",
  "primaryMuscles": [
    "shoulders"
  ],
  "secondaryMuscles": [
    "quadriceps",
    "triceps"
  ],
  "instructions": [
    "Clean two kettlebells to your shoulders. Clean the kettlebells to your shoulders by extending through the legs and hips as you pull the kettlebells towards your shoulders. Rotate your wrists as you do so. This will be your starting position.",
    "Begin to squat by flexing your hips and knees, lowering your hips between your legs. Maintain an upright, straight back as you descend as low as you can.",
    "At the bottom, reverse direction and squat by extending your knees and hips, driving through your heels. As you do so, press both kettlebells overhead by extending your arms straight up, using the momentum from the squat to help drive the weights upward.",
    "As you begin the next repetition, return the weights to the shoulders."
  ],
  "category": "strength",
  "images": [
    "Kettlebell_Thruster/0.jpg",
    "Kettlebell_Thruster/1.jpg"
  ],
  "id": "Kettlebell_Thruster"
}