{
  "name": "Knee Circles",
  "force": "pull",
  "level": "beginner",
  "mechanic": "compound",
  "equipment": "body only",
  "primaryMuscles": [
    "calves"
  ],
  "secondaryMuscles": [
    "hamstrings",
    "quadriceps"
  ],
  "instructions": [
    "Stand with your legs together and hands by your waist.",
    "Now move your knees in a circular motion as you breathe normally.",
    "Repeat for the recommended amount of repetitions."
  ],
  "category": "stretching",
  "images": [
    "Knee_Circles/0.jpg",
    "Knee_Circles/1.jpg"
  ],
  "id": "Knee_Circles"
}