{
  "name": "Leg Pull-In",
  "force": "pull",
  "level": "beginner",
  "mechanic": "compound",
  "equipment": "body only",
  "primaryMuscles": [
    "abdominals"
  ],
  "secondaryMuscles": [

  ],
  "instructions": [
    "Lie on an exercise mat with your legs extended and your hands either palms facing down next to you or under your glutes. Tip: My preference is with the hands next to me. This will be your starting position.",
    "Bend your knees and pull your upper thighs into your midsection as you breathe out. Continue the motion until your knees are around chest level. Contract your abs as you execute this movement and hold for a second at the top. Tip: As you perform the motion, the lower legs (calves) should always remain parallel to the floor.",
    "Return to the starting position as you inhale.",
    "Repeat for the recommended amount of repetitions."
  ],
  "category": "strength",
  "images": [
    "Leg_Pull-In/0.jpg",
    "Leg_Pull-In/1.jpg"
  ],
  "id": "Leg_Pull-In"
}