{
  "name": "Leverage Shrug",
  "force": "pull",
  "level": "beginner",
  "mechanic": "isolation",
  "equipment": "machine",
  "primaryMuscles": [
    "traps"
  ],
  "secondaryMuscles": [
    "forearms"
  ],
  "instructions": [
    "Load the pins to an appropriate weight. Position yourself directly between the handles.",
    "Grasp the top handles with a comfortable grip, and then lower your hips as you take a breath. Look forward with your head and keep your chest up.",
    "Drive through the floor with your heels, extending your hips and knees as you rise to a standing position. Keep your arms straight throughout the movement, finishing with your shoulders back. This will be your starting position.",
    "Raise the weight by shrugging the shoulders towards your ears, moving straight up and down.",
    "Pause at the top of the motion, and then return the weight to the starting position."
  ],
  "category": "strength",
  "images": [
    "Leverage_Shrug/0.jpg",
    "Leverage_Shrug/1.jpg"
  ],
  "id": "Leverage_Shrug"
}