{
  "name": "Leverage Iso Row",
  "force": "pull",
  "level": "beginner",
  "mechanic": "compound",
  "equipment": "machine",
  "primaryMuscles": [
    "lats"
  ],
  "secondaryMuscles": [
    "biceps",
    "middle back"
  ],
  "instructions": [
    "Load an appropriate weight onto the pins and adjust the seat height so that the handles are at chest level. Grasp the handles with either a neutral or pronated grip. This will be your starting position.",
    "Pull the handles towards your torso, retracting your shoulder blades as you flex the elbow.",
    "Pause at the bottom of the motion, and then slowly return the handles to the starting position. For multiple repetitions, avoid completely returning the weight to the stops to keep tension on the muscles being worked."
  ],
  "category": "strength",
  "images": [
    "Leverage_Iso_Row/0.jpg",
    "Leverage_Iso_Row/1.jpg"
  ],
  "id": "Leverage_Iso_Row"
}