{
  "name": "Leverage Deadlift",
  "force": "pull",
  "level": "beginner",
  "mechanic": "compound",
  "equipment": "machine",
  "primaryMuscles": [
    "quadriceps"
  ],
  "secondaryMuscles": [
    "glutes",
    "hamstrings"
  ],
  "instructions": [
    "Load the pins to an appropriate weight. Position yourself directly between the handles. Grasp the bottom handles with a comfortable grip, and then lower your hips as you take a breath. Look forward with your head and keep your chest up. This will be your starting position.",
    "Return the weight to the starting position."
  ],
  "category": "strength",
  "images": [
    "Leverage_Deadlift/0.jpg",
    "Leverage_Deadlift/1.jpg"
  ],
  "id": "Leverage_Deadlift"
}