{
  "name": "Looking At Ceiling",
  "force": "static",
  "level": "beginner",
  "mechanic": "isolation",
  "equipment": null,
  "primaryMuscles": [
    "quadriceps"
  ],
  "secondaryMuscles": [

  ],
  "instructions": [
    "Kneel on the floor, holding your heels with both hands.",
    "Lift your buttocks up and forward while bringing your head back to look up at the ceiling, to give an arch in your back."
  ],
  "category": "stretching",
  "images": [
    "Looking_At_Ceiling/0.jpg",
    "Looking_At_Ceiling/1.jpg"
  ],
  "id": "Looking_At_Ceiling"
}