{
  "name": "Machine Bench Press",
  "force": "push",
  "level": "beginner",
  "mechanic": "compound",
  "equipment": "machine",
  "primaryMuscles": [
    "chest"
  ],
  "secondaryMuscles": [
    "shoulders",
    "triceps"
  ],
  "instructions": [
    "Sit down on the Chest Press Machine and select the weight.",
    "Step on the lever provided by the machine since it will help you to bring the handles forward so that you can grab the handles and fully extend the arms.",
    "Grab the handles with a palms-down grip and lift your elbows so that your upper arms are parallel to the floor to the sides of your torso. Tip: Your forearms will be pointing forward since you are grabbing the handles. Once you bring the handles forward and extend the arms you will be at the starting position.",
    "Now bring the handles back towards you as you breathe in.",
    "Push the handles away from you as you flex your pecs and you breathe out. Hold the contraction for a second before going back to the starting position.",
    "Repeat for the recommended amount of reps.",
    "When finished step on the lever again and slowly get the handles back to their original place."
  ],
  "category": "strength",
  "images": [
    "Machine_Bench_Press/0.jpg",
    "Machine_Bench_Press/1.jpg"
  ],
  "id": "Machine_Bench_Press"
}