{
  "name": "On-Your-Back Quad Stretch",
  "force": "static",
  "level": "beginner",
  "mechanic": "isolation",
  "equipment": "other",
  "primaryMuscles": [
    "quadriceps"
  ],
  "secondaryMuscles": [

  ],
  "instructions": [
    "Lie on a flat bench or step, and hang one leg and arm over the side.",
    "Bend the knee and hold the top of the foot. As you do this, be careful not to arch your lower back.",
    "Pull the belly button to the spine to stay in neutral. Press your foot down and into your hand. To add the hip stretch, lift the hip of the leg you're holding up toward the ceiling.",
    "Switch sides."
  ],
  "category": "stretching",
  "images": [
    "On-Your-Back_Quad_Stretch/0.jpg",
    "On-Your-Back_Quad_Stretch/1.jpg"
  ],
  "id": "On-Your-Back_Quad_Stretch"
}