{
  "name": "One-Arm Kettlebell Split Jerk",
  "force": "push",
  "level": "intermediate",
  "mechanic": "compound",
  "equipment": "kettlebells",
  "primaryMuscles": [
    "shoulders"
  ],
  "secondaryMuscles": [
    "glutes",
    "hamstrings",
    "quadriceps",
    "triceps"
  ],
  "instructions": [
    "Hold a kettlebell by the handle. Clean the kettlebell to your shoulder by extending through the legs and hips as you pull the kettlebell towards your shoulder. Rotate your wrist as you do so, so that the palm faces forward. This will be your starting position.",
    "Dip your body by bending the knees, keeping your torso upright.",
    "Immediately reverse direction, driving through the heels, in essence jumping to create momentum. As you do so, press the kettlebell overhead to lockout by extending the arms, using your body's momentum to move the weight.",
    "Receive the weight overhead by returning to a squat position underneath the weight, positioning one leg in front of you and one leg behind you.",
    "Keeping the weight overhead, return to a standing position and bring your feet together. Lower the weight to perform the next repetition."
  ],
  "category": "strength",
  "images": [
    "One-Arm_Kettlebell_Split_Jerk/0.jpg",
    "One-Arm_Kettlebell_Split_Jerk/1.jpg"
  ],
  "id": "One-Arm_Kettlebell_Split_Jerk"
}