{
  "name": "One-Arm Kettlebell Snatch",
  "force": "pull",
  "level": "expert",
  "mechanic": "compound",
  "equipment": "kettlebells",
  "primaryMuscles": [
    "shoulders"
  ],
  "secondaryMuscles": [
    "calves",
    "glutes",
    "hamstrings",
    "lower back",
    "traps",
    "triceps"
  ],
  "instructions": [
    "Place a kettlebell between your feet. Bend your knees and push your butt back to get in the proper starting position.",
    "Look straight ahead and swing the kettlebell back between your legs.",
    "Immediately reverse the direction and drive through with your hips and knees, accelerating the kettlebell upward. As the kettlebell rises to your shoulder rotate your hand and punch straight up, using momentum to receive the weight locked out overhead."
  ],
  "category": "strength",
  "images": [
    "One-Arm_Kettlebell_Snatch/0.jpg",
    "One-Arm_Kettlebell_Snatch/1.jpg"
  ],
  "id": "One-Arm_Kettlebell_Snatch"
}